Workbook

Sheet documentation
I30: There's no explicitly defined summative and formative assignments in the syllabus

Sheet overall
B2: Final Grades | C2: Total | D2: Letter Grade | E2: Quality Points
B3: Q1 | C3: =quarter_1!O7 -> 91.614286 | D3: =VLOOKUP(C3, grading_legend!$B$3:$E$7, 3, TRUE) -> A | E3: =VLOOKUP(C3, grading_legend!$B$3:$E$7, 4, TRUE) -> 4
B4: Q2 | C4: =quarter_2!O7 -> 87.5 | D4: =VLOOKUP(C4, grading_legend!$B$3:$E$7, 3, TRUE) -> B | E4: =VLOOKUP(C4, grading_legend!$B$3:$E$7, 4, TRUE) -> 3
B5: Sem 1 Exams | C5: =AVERAGE(quarter_1!L5,quarter_2!L5) -> 100 | D5: =VLOOKUP(C5, grading_legend!$B$3:$E$7, 3, TRUE) -> A | E5: =VLOOKUP(C5, grading_legend!$B$3:$E$7, 4, TRUE) -> 4
B6: Q3 | C6: =quarter_3!O7 -> 90.685714 | D6: =VLOOKUP(C6, grading_legend!$B$3:$E$7, 3, TRUE) -> A | E6: =VLOOKUP(C6, grading_legend!$B$3:$E$7, 4, TRUE) -> 4
B7: Q4 | C7: =quarter_4!O7 -> 87.9 | D7: =VLOOKUP(C7, grading_legend!$B$3:$E$7, 3, TRUE) -> B | E7: =VLOOKUP(C7, grading_legend!$B$3:$E$7, 4, TRUE) -> 3
B8: Sem 2 Exams | C8: =AVERAGE(quarter_3!L5,quarter_4!L5) -> 100 | D8: =VLOOKUP(C8, grading_legend!$B$3:$E$7, 3, TRUE) -> A | E8: =VLOOKUP(C8, grading_legend!$B$3:$E$7, 4, TRUE) -> 4
B9: Final Year - Numeric | C9: =0.8*AVERAGE(C3,C4,C6,C7) + 0.2*AVERAGE(C5,C8) -> 91.54 | D9: =VLOOKUP(C9, grading_legend!$B$3:$E$7, 3, TRUE) -> A
B10: Final Year - QP | C10: =VLOOKUP(C9, grading_legend!$B$3:$G$7, 6, TRUE) -> 3.5 | D10: =VLOOKUP(C10, grading_legend!$G$3:$H$7, 2, TRUE) -> A
B11: Official Final Grade | C11: =D10 -> A

Sheet scenario
B2: Final Grades | C2: Total | D2: Letter Grade | E2: Quality Points | G2: Homework | H2: Grade | J2: Labs | K2: Grade | M2: Quizzes | N2: Grade | P2: Exam | Q2: Grade | S2: Calculated Total | T2: Grade
B3: Q1 | C3: 87.5 | D3: =VLOOKUP(C3, grading_legend!$B$3:$E$7, 3, TRUE) -> B | E3: =VLOOKUP(C3, grading_legend!$B$3:$E$7, 4, TRUE) -> 3 | G3: Homework 1 | H3: 50 | J3: Lab 1 | K3: 50 | M3: Quiz 1 | N3: 100 | P3: Exam 1 | Q3: 100 | S3: Homework | T3: 50
B4: Q2 | C4: 87.5 | D4: =VLOOKUP(C4, grading_legend!$B$3:$E$7, 3, TRUE) -> B | E4: =VLOOKUP(C4, grading_legend!$B$3:$E$7, 4, TRUE) -> 3 | G4: Homework 2 | H4: 50 | J4: Lab 2 | K4: 50 | M4: Quiz 2 | N4: 100 | P4: Exam 2 | Q4: 100 | S4: Labs | T4: 50
B5: Sem 1 Exams | C5: 100 | D5: =VLOOKUP(C5, grading_legend!$B$3:$E$7, 3, TRUE) -> A | E5: =VLOOKUP(C5, grading_legend!$B$3:$E$7, 4, TRUE) -> 4 | G5: Homework 3 | H5: 50 | J5: Lab 3 | K5: 50 | M5: Quiz 3 | N5: 100 | P5: Average Exam Grade | Q5: 100 | S5: Quizzes | T5: 100
B6: Q3 | C6: 87.5 | D6: =VLOOKUP(C6, grading_legend!$B$3:$E$7, 3, TRUE) -> B | E6: =VLOOKUP(C6, grading_legend!$B$3:$E$7, 4, TRUE) -> 3 | G6: Homework 4 | H6: 50 | J6: Lab 4 | K6: 50 | M6: Quiz 4 | N6: 100 | S6: Exams | T6: 100
B7: Q4 | C7: 87.5 | D7: =VLOOKUP(C7, grading_legend!$B$3:$E$7, 3, TRUE) -> B | E7: =VLOOKUP(C7, grading_legend!$B$3:$E$7, 4, TRUE) -> 3 | G7: Homework 5 | H7: 50 | J7: Lab 5 | K7: 50 | M7: Average Quiz Grade | N7: 100 | S7: Final Grade Q1 | T7: 87.5
B8: Sem 2 Exams | C8: 100 | D8: =VLOOKUP(C8, grading_legend!$B$3:$E$7, 3, TRUE) -> A | E8: =VLOOKUP(C8, grading_legend!$B$3:$E$7, 4, TRUE) -> 4 | G8: Homework 6 | H8: 50 | J8: Lab 6 | K8: 50
B9: Final Year - Numeric | C9: =0.8*AVERAGE(C3,C4,C6,C7) + 0.2*AVERAGE(C5,C8) -> 90 | D9: =VLOOKUP(C9, grading_legend!$B$3:$E$7, 3, TRUE) -> A | G9: Homework 7 | H9: 50 | J9: Lab 7 | K9: 50
B10: Final Year - QP | C10: =VLOOKUP(C9, grading_legend!$B$3:$G$7, 6, TRUE) -> 3.5 | D10: =VLOOKUP(C10, grading_legend!$G$3:$H$7, 2, TRUE) -> A | G10: Average Homework Grade | H10: 50 | J10: Average Labs Grade | K10: 50
B11: Official Final Grade | C11: =D10 -> A
B14: Scenario: Fail all the homeworks and labs but lock in on quizzes and exams for every quarter

Sheet quarter_1
B2: Homework | C2: Grade | E2: Labs | F2: Grade | H2: Quizzes | I2: Grade | K2: Exam | L2: Grade | N2: Calculated Total | O2: Grade
B3: Homework 1 | C3: 100 | E3: Lab 1 | F3: 50 | H3: Quiz 1 | I3: 100 | K3: Exam 1 | L3: 100 | N3: Homework | O3: =C10 -> 63.714286
B4: Homework 2 | C4: 50 | E4: Lab 2 | F4: 50 | H4: Quiz 2 | I4: 100 | K4: Exam 2 | L4: 100 | N4: Labs | O4: =F10 -> 67.142857
B5: Homework 3 | C5: 50 | E5: Lab 3 | F5: 90 | H5: Quiz 3 | I5: 100 | K5: Average Exam Grade | L5: =AVERAGE(L3:L4) -> 100 | N5: Quizzes | O5: =I7 -> 100
B6: Homework 4 | C6: 86 | E6: Lab 4 | F6: 50 | H6: Quiz 4 | I6: 100 | N6: Exams | O6: =L5 -> 100
B7: Homework 5 | C7: 50 | E7: Lab 5 | F7: 90 | H7: Average Quiz Grade | I7: =AVERAGE(I3:I6) -> 100 | N7: Final Grade Q1 | O7: =0.05*O3+0.2*O4+0.1*O5+0.65*O6 -> 91.614286
B8: Homework 6 | C8: 40 | E8: Lab 6 | F8: 90
B9: Homework 7 | C9: 70 | E9: Lab 7 | F9: 50
B10: Average Homework Grade | C10: =AVERAGE(C3:C9) -> 63.714286 | E10: Average Labs Grade | F10: =AVERAGE(F3:F9) -> 67.142857

Sheet quarter_2
B2: Homework | C2: Grade | E2: Labs | F2: Grade | H2: Quizzes | I2: Grade | K2: Exam | L2: Grade | N2: Calculated Total | O2: Grade
B3: Homework 8 | C3: 50 | E3: Lab 8 | F3: 50 | H3: Quiz 5 | I3: 100 | K3: Exam 3 | L3: 100 | N3: Homework | O3: =C8 -> 50
B4: Homework 9 | C4: 50 | E4: Lab 9 | F4: 50 | H4: Quiz 6 | I4: 100 | K4: Exam 4 | L4: 100 | N4: Labs | O4: =F8 -> 50
B5: Homework 10 | C5: 50 | E5: Lab 10 | F5: 50 | H5: Quiz 7 | I5: 100 | K5: Average Exam Grade | L5: =AVERAGE(L3:L4) -> 100 | N5: Quizzes | O5: =I7 -> 100
B6: Homework 11 | C6: 50 | E6: Lab 11 | F6: 50 | H6: Quiz 8 | I6: 100 | N6: Exams | O6: =L5 -> 100
B7: Homework 12 | C7: 50 | E7: Lab 12 | F7: 50 | H7: Average Quiz Grade | I7: =AVERAGE(I3:I6) -> 100 | N7: Final Grade Q2 | O7: =0.05*O3+0.2*O4+0.1*O5+0.65*O6 -> 87.5
B8: Average Homework Grade | C8: =AVERAGE(C3:C7) -> 50 | E8: Average Labs Grade | F8: =AVERAGE(F3:F7) -> 50

Sheet quarter_3
B2: Homework | C2: Grade | E2: Labs | F2: Grade | H2: Quizzes | I2: Grade | K2: Exam | L2: Grade | N2: Calculated Total | O2: Grade
B3: Homework 13 | C3: 50 | E3: Lab 13 | F3: 50 | H3: Quiz 9 | I3: 100 | K3: Exam 5 | L3: 100 | N3: Homework | O3: =C10 -> 61.142857
B4: Homework 14 | C4: 50 | E4: Lab 14 | F4: 60 | H4: Quiz 10 | I4: 100 | K4: Exam 6 | L4: 100 | N4: Labs | O4: =F10 -> 63.142857
B5: Homework 15 | C5: 78 | E5: Lab 15 | F5: 50 | H5: Quiz 11 | I5: 100 | K5: Average Exam Grade | L5: =AVERAGE(L3:L4) -> 100 | N5: Quizzes | O5: =I7 -> 100
B6: Homework 16 | C6: 50 | E6: Lab 16 | F6: 102 | H6: Quiz 12 | I6: 100 | N6: Exams | O6: =L5 -> 100
B7: Homework 17 | C7: 50 | E7: Lab 17 | F7: 50 | H7: Average Quiz Grade | I7: =AVERAGE(I3:I6) -> 100 | N7: Final Grade Q3 | O7: =0.05*O3+0.2*O4+0.1*O5+0.65*O6 -> 90.685714
B8: Homework 18 | C8: 100 | E8: Lab 18 | F8: 80
B9: Homework 19 | C9: 50 | E9: Lab 19 | F9: 50
B10: Average Homework Grade | C10: =AVERAGE(C3:C9) -> 61.142857 | E10: Average Labs Grade | F10: =AVERAGE(F3:F9) -> 63.142857

Sheet quarter_4
B2: Homework | C2: Grade | E2: Labs | F2: Grade | H2: Quizzes | I2: Grade | K2: Exam | L2: Grade | N2: Calculated Total | O2: Grade
B3: Homework 20 | C3: 50 | E3: Lab 20 | F3: 50 | H3: Quiz 13 | I3: 100 | K3: Exam 7 | L3: 100 | N3: Homework | O3: =C8 -> 50
B4: Homework 21 | C4: 20 | E4: Lab 21 | F4: 50 | H4: Quiz 14 | I4: 100 | K4: Exam 8 | L4: 100 | N4: Labs | O4: =F8 -> 52
B5: Homework 22 | C5: 50 | E5: Lab 22 | F5: 40 | H5: Quiz 15 | I5: 100 | K5: Average Exam Grade | L5: =AVERAGE(L3:L4) -> 100 | N5: Quizzes | O5: =I7 -> 100
B6: Homework 23 | C6: 50 | E6: Lab 23 | F6: 50 | H6: Quiz 16 | I6: 100 | N6: Exams | O6: =L5 -> 100
B7: Homework 24 | C7: 80 | E7: Lab 24 | F7: 70 | H7: Average Quiz Grade | I7: =AVERAGE(I3:I6) -> 100 | N7: Final Grade Q4 | O7: =0.05*O3+0.2*O4+0.1*O5+0.65*O6 -> 87.9
B8: Average Homework Grade | C8: =AVERAGE(C3:C7) -> 50 | E8: Average Labs Grade | F8: =AVERAGE(F3:F7) -> 52

Sheet grading_legend
B2: Start Grade | C2: End Grade | D2: Letter Grade | E2: Quality Points (DE) | G2: QP Average | H2: Letter Grade
B3: 0 | C3: 59.5 | D3: E | E3: 0 | G3: 0 | H3: E
B4: 59.6 | C4: 69.5 | D4: D | E4: 1 | G4: 0.5 | H4: D
B5: 69.6 | C5: 79.5 | D5: C | E5: 2 | G5: 1.5 | H5: C
B6: 79.6 | C6: 89.5 | D6: B | E6: 3 | G6: 2.5 | H6: B
B7: 89.6 | C7: 100 | D7: A | E7: 4 | G7: 3.5 | H7: A
